Gender,Online_Shopping_Freq,Online_Purchase_Proportion,Review_Check_Freq,Attraction_Factor,Retailer_Choice_Factors,Preferred_Payment,Local_vs_Intl_Retailers,Preferred_Marketplace,Security_Concern_Level,Promo_Participation,Price_Sensitivity,Comfortable_Price_Range,Frequent_Products,Major_Drawback,Authenticity_Concern,Desired_Improvements
Male,Rarely or Never,0-20 %,Always,Ease and Comfort of shopping from home,Brand reputation and trustworthiness,Credit or debit card,"No preference, depends on the product",Daraz,Very concerned,Occasionally participate,Moderately price-sensitive,1k to 5k,Clothing and fashion accessories,"Yes, issues with product quality",Neutral or unsure,Enhanced customer reviews and ratings system
Female,Rarely or Never,0-20 %,Always,Attractive discounts and promotions,Product reviews and ratings,Cash on delivery (if available),"No preference, depends on the product",Others,Neutral,Rarely or Never participate,Slightly price-sensitive,1k to 5k,Clothing and fashion accessories,"No, I have not experienced any drawbacks",Neutral or unsure,Enhanced customer reviews and ratings system
Female,Once in a month,41-60 %,Always,Ease and Comfort of shopping from home,Brand reputation and trustworthiness,Cash on delivery (if available),"No preference, depends on the product",Daraz,Somewhat concerned,Frequently participate,Moderately price-sensitive,1k to 5k,Clothing and fashion accessories,"Yes, issues with product quality","Yes, always confident in product authenticity and quality","Better product descriptions and images, Enhanced customer reviews and ratings system, More personalized recommendations"
Male,Once in a month,41-60 %,Always,Ease and Comfort of shopping from home,Product reviews and ratings,Cash on delivery (if available),Prefer local retailers,AliExpress,Somewhat concerned,Rarely or Never participate,Moderately price-sensitive,1k to 5k,Clothing and fashion accessories,"No, I have not experienced any drawbacks",Neutral or unsure,Better product descriptions and images
Female,Rarely or Never,0-20 %,Frequently,Ease and Comfort of shopping from home,Brand reputation and trustworthiness,Cash on delivery (if available),"No preference, depends on the product",Amazon,Very concerned,Rarely or Never participate,Moderately price-sensitive,less than 1k,"Books and media (e.g., movies, music)","Yes, issues with product quality","No, often concerned about product authenticity and quality","Better product descriptions and images, Improved search and filtering options, Enhanced customer reviews and ratings system, More personalized recommendations"
Male,Once in a month,41-60 %,Frequently,Wide variety of products,Price and discounts,Credit or debit card,Prefer local retailers,Daraz,Very concerned,Always take advantage of promotions and discounts,Extremely price-sensitive,more than 10k,Electronics and gadgets,"Yes, issues with product quality","Yes, always confident in product authenticity and quality",Better product descriptions and images
Female,Once in a month,61-80%,Always,Ease and Comfort of shopping from home,Brand reputation and trustworthiness,Cash on delivery (if available),"No preference, depends on the product",Daraz,Very concerned,Occasionally participate,Moderately price-sensitive,1k to 5k,Clothing and fashion accessories,"Yes, issues with product quality",Neutral or unsure,Enhanced customer reviews and ratings system
Male,Rarely or Never,41-60 %,Always,Ease and Comfort of shopping from home,Customer service and support,Credit or debit card,"No preference, depends on the product",Daraz,Very concerned,Frequently participate,Extremely price-sensitive,5k to 10k,"Clothing, Electronics, E-games","Yes, difficulty with returns or refunds","Mostly confident, with occasional concerns","Better product descriptions and images, Improved search and filtering options, Enhanced customer reviews and ratings system, More personalized recommendations"
Female,Once in a week,61-80%,Occasionally,Time-saving,Brand reputation and trustworthiness,Credit or debit card,"No preference, depends on the product",Others,Very concerned,Occasionally participate,Slightly price-sensitive,5k to 10k,Clothing and fashion accessories,"Yes, delayed or problematic deliveries","Mostly confident, with occasional concerns","Better product descriptions and images, Improved search and filtering options, Enhanced customer reviews and ratings system"
Male,Once in a month,41-60 %,Always,Ease and Comfort of shopping from home,Brand reputation and trustworthiness,Credit or debit card,"No preference, depends on the product",Others,Somewhat concerned,Frequently participate,Moderately price-sensitive,5k to 10k,Clothing and fashion accessories,"No, I have not experienced any drawbacks","Mostly confident, with occasional concerns","Improved search and filtering options, Enhanced customer reviews and ratings system, More personalized recommendations"
Male,Rarely or Never,0-20 %,Always,Ease and Comfort of shopping from home,Product reviews and ratings,Cash on delivery (if available),"No preference, depends on the product",Daraz,Not Concerned at all,Occasionally participate,Moderately price-sensitive,1k to 5k,Electronics and gadgets,"Yes, difficulty with returns or refunds",Neutral or unsure,Better product descriptions and images
Female,Once in a month,21-40 %,Rarely or Never,Time-saving,Brand reputation and trustworthiness,Cash on delivery (if available),Prefer lnternational retailers,Others,Very concerned,Occasionally participate,Moderately price-sensitive,less than 1k,Clothing and fashion accessories,"No, I have not experienced any drawbacks",Neutral or unsure,"Improved search and filtering options, More personalized recommendations"
Male,Rarely or Never,0-20 %,Always,Ease and Comfort of shopping from home,Customer service and support,Cash on delivery (if available),Prefer lnternational retailers,Daraz,Very concerned,Rarely or Never participate,Moderately price-sensitive,5k to 10k,"Books and media (e.g., movies, music)","Yes, delayed or problematic deliveries",Neutral or unsure,"Better product descriptions and images, Improved search and filtering options"
Male,Once in a month,21-40 %,Frequently,Ease and Comfort of shopping from home,Brand reputation and trustworthiness,Cash on delivery (if available),"No preference, depends on the product",Others,Somewhat concerned,Occasionally participate,Moderately price-sensitive,1k to 5k,Gadgets and clothing,"No, I have not experienced any drawbacks","Mostly confident, with occasional concerns",Better product descriptions and images
Male,Once in a month,0-20 %,Frequently,Time-saving,Brand reputation and trustworthiness,Credit or debit card,"No preference, depends on the product",Daraz,Very concerned,Rarely or Never participate,Moderately price-sensitive,5k to 10k,Clothing and fashion accessories,"Yes, delayed or problematic deliveries",Neutral or unsure,Enhanced customer reviews and ratings system
Female,Rarely or Never,21-40 %,Always,Ease and Comfort of shopping from home,Price and discounts,Cash on delivery (if available),"No preference, depends on the product",Daraz,Somewhat concerned,Occasionally participate,Slightly price-sensitive,1k to 5k,"Books and media (e.g., movies, music)","No, I have not experienced any drawbacks",Neutral or unsure,Enhanced customer reviews and ratings system
Female,Rarely or Never,0-20 %,Frequently,Ease and Comfort of shopping from home,Brand reputation and trustworthiness,Cash on delivery (if available),"No preference, depends on the product",Daraz,Neutral,Occasionally participate,Moderately price-sensitive,1k to 5k,Beauty and Personal care,"Yes, difficulty with returns or refunds","Mostly confident, with occasional concerns",Better product descriptions and images
Female,Once in a month,21-40 %,Always,Attractive discounts and promotions,Product reviews and ratings,Cash on delivery (if available),"No preference, depends on the product",Daraz,Very concerned,Frequently participate,Extremely price-sensitive,1k to 5k,Clothing and fashion accessories,"Yes, issues with product quality","No, often concerned about product authenticity and quality",Better product descriptions and images
Male,Once in a month,61-80%,Always,Ease and Comfort of shopping from home,Brand reputation and trustworthiness,Credit or debit card,"No preference, depends on the product",Others,Very concerned,Frequently participate,Slightly price-sensitive,more than 10k,Electronics and gadgets,"Yes, issues with product quality","Yes, always confident in product authenticity and quality","Better product descriptions and images, Improved search and filtering options, Enhanced customer reviews and ratings system"
Female,Once in a month,41-60 %,Always,Ease and Comfort of shopping from home,Product reviews and ratings,Credit or debit card,"No preference, depends on the product",AliExpress,Neutral,Rarely or Never participate,Extremely price-sensitive,1k to 5k,Clothing and fashion accessories,"Yes, delayed or problematic deliveries",Neutral or unsure,"Better product descriptions and images, Enhanced customer reviews and ratings system"
Male,Rarely or Never,0-20 %,Always,Wide variety of products,Product reviews and ratings,Cash on delivery (if available),"No preference, depends on the product",Others,Very concerned,Always take advantage of promotions and discounts,Moderately price-sensitive,1k to 5k,Clothing and fashion accessories,"No, I have not experienced any drawbacks",Neutral or unsure,Better product descriptions and images
Female,Rarely or Never,0-20 %,Always,Ease and Comfort of shopping from home,Product reviews and ratings,Cash on delivery (if available),"No preference, depends on the product",Daraz,Somewhat concerned,Rarely or Never participate,Moderately price-sensitive,1k to 5k,Clothing and fashion accessories,"Yes, issues with product quality",Neutral or unsure,Enhanced customer reviews and ratings system
Male,Once in a month,0-20 %,Always,Attractive discounts and promotions,Product reviews and ratings,Cash on delivery (if available),Prefer local retailers,Others,Not Concerned at all,Occasionally participate,Moderately price-sensitive,1k to 5k,Clothing and fashion accessories,"No, I have not experienced any drawbacks","Mostly confident, with occasional concerns",Better product descriptions and images
Male,Once in a month,0-20 %,Always,Wide variety of products,Product reviews and ratings,Cash on delivery (if available),"No preference, depends on the product",Amazon,Very concerned,Frequently participate,Moderately price-sensitive,1k to 5k,Electronics and gadgets,"Yes, issues with product quality","Mostly confident, with occasional concerns",More personalized recommendations
Female,Once in a month,41-60 %,Occasionally,Wide variety of products,Product reviews and ratings,Cash on delivery (if available),"No preference, depends on the product",Others,Very concerned,Occasionally participate,Slightly price-sensitive,5k to 10k,"Books and media (e.g., movies, music)","No, I have not experienced any drawbacks","Mostly confident, with occasional concerns",Improved search and filtering options
Female,Multiple times per week,61-80%,Rarely or Never,Ease and Comfort of shopping from home,Brand reputation and trustworthiness,Cash on delivery (if available),"No preference, depends on the product",Daraz,Very concerned,Rarely or Never participate,Slightly price-sensitive,5k to 10k,Clothing and fashion accessories,"No, I have not experienced any drawbacks","Mostly confident, with occasional concerns","Better product descriptions and images, Enhanced customer reviews and ratings system, More personalized recommendations"
Female,Rarely or Never,61-80%,Always,Ease and Comfort of shopping from home,Brand reputation and trustworthiness,Cash on delivery (if available),"No preference, depends on the product",Others,Very concerned,Occasionally participate,Extremely price-sensitive,1k to 5k,Clothing and fashion accessories,"Yes, issues with product quality","No, often concerned about product authenticity and quality","Better product descriptions and images, Improved search and filtering options, Enhanced customer reviews and ratings system"
Female,Rarely or Never,0-20 %,Always,Ease and Comfort of shopping from home,Brand reputation and trustworthiness,Cash on delivery (if available),"No preference, depends on the product",Others,Neutral,Occasionally participate,Extremely price-sensitive,1k to 5k,Clothing and fashion accessories,"Yes, issues with product quality",Neutral or unsure,Better product descriptions and images
Male,Rarely or Never,0-20 %,Always,Ease and Comfort of shopping from home,Product reviews and ratings,Cash on delivery (if available),"No preference, depends on the product",Daraz,Very concerned,Rarely or Never participate,Slightly price-sensitive,1k to 5k,Clothing and fashion accessories,"Yes, issues with product quality","No, often concerned about product authenticity and quality","Enhanced customer reviews and ratings system, They show the product quality to the customers on COD"
Male,Once in a week,41-60 %,Always,Attractive discounts and promotions,Price and discounts,Other digital wallets,Prefer local retailers,AliExpress,Neutral,Occasionally participate,Slightly price-sensitive,1k to 5k,Clothing and fashion accessories,"Yes, issues with product quality",Neutral or unsure,Enhanced customer reviews and ratings system
Female,Rarely or Never,41-60 %,Always,Time-saving,Brand reputation and trustworthiness,Cash on delivery (if available),Prefer lnternational retailers,Daraz,Neutral,Always take advantage of promotions and discounts,Moderately price-sensitive,1k to 5k,Electronics and gadgets,"Yes, issues with product quality",Neutral or unsure,Better product descriptions and images
Female,Rarely or Never,0-20 %,Frequently,Wide variety of products,Price and discounts,Cash on delivery (if available),"No preference, depends on the product",Others,Very concerned,Rarely or Never participate,Extremely price-sensitive,less than 1k,Shoes ,Shoes,"Yes, always confident in product authenticity and quality",Better product descriptions and images
Male,Rarely or Never,0-20 %,Frequently,Ease and Comfort of shopping from home,Price and discounts,Cash on delivery (if available),"No preference, depends on the product",AliExpress,Very concerned,Rarely or Never participate,Extremely price-sensitive,less than 1k,Clothing and fashion accessories,"Yes, issues with product quality","No, often concerned about product authenticity and quality",Enhanced customer reviews and ratings system
Male,Rarely or Never,0-20 %,Frequently,Time-saving,Customer service and support,Credit or debit card,"No preference, depends on the product",Amazon,Neutral,Rarely or Never participate,Moderately price-sensitive,5k to 10k,Electronics and gadgets,"Yes, issues with product quality",Neutral or unsure,"Improved search and filtering options, "
Male,Rarely or Never,0-20 %,Frequently,Wide variety of products,Price and discounts,Cash on delivery (if available),Prefer local retailers,Daraz,Neutral,Rarely or Never participate,Not price sensitive at all,less than 1k,Clothing and fashion accessories,"Yes, issues with product quality","Yes, always confident in product authenticity and quality",Better product descriptions and images
Female,Once in a month,81-100%,Always,Time-saving,Brand reputation and trustworthiness,Cash on delivery (if available),"No preference, depends on the product",Daraz,Very concerned,Rarely or Never participate,Extremely price-sensitive,1k to 5k,Clothing and fashion accessories,"Yes, delayed or problematic deliveries","Mostly confident, with occasional concerns",Enhanced customer reviews and ratings system
Female,Rarely or Never,0-20 %,Always,Attractive discounts and promotions,Brand reputation and trustworthiness,Cash on delivery (if available),"No preference, depends on the product",Daraz,Very concerned,Frequently participate,Moderately price-sensitive,1k to 5k,Clothing and fashion accessories,"Yes, issues with product quality","Yes, always confident in product authenticity and quality",More personalized recommendations
Male,Once in a month,41-60 %,Frequently,Attractive discounts and promotions,Price and discounts,Cash on delivery (if available),"No preference, depends on the product",Others,Very concerned,Frequently participate,Moderately price-sensitive,5k to 10k,Clothing and fashion accessories,"Yes, issues with product quality",Neutral or unsure,"Better product descriptions and images, Improved search and filtering options, Enhanced customer reviews and ratings system, More personalized recommendations, "
Female,Multiple times per week,21-40 %,Rarely or Never,Ease and Comfort of shopping from home,Product reviews and ratings,Credit or debit card,"No preference, depends on the product",AliExpress,Very concerned,Rarely or Never participate,Moderately price-sensitive,5k to 10k,Beauty and Personal care,"Yes, issues with product quality",Neutral or unsure,Better product descriptions and images
Male,Rarely or Never,0-20 %,Always,Ease and Comfort of shopping from home,Product reviews and ratings,Cash on delivery (if available),"No preference, depends on the product",Others,Very concerned,Rarely or Never participate,Slightly price-sensitive,1k to 5k,Clothing and fashion accessories,"Yes, issues with product quality",Neutral or unsure,Better product descriptions and images
Female,Once in a month,0-20 %,Always,Ease and Comfort of shopping from home,Product reviews and ratings,Cash on delivery (if available),"No preference, depends on the product",Daraz,Somewhat concerned,Occasionally participate,Moderately price-sensitive,1k to 5k,"Books and media (e.g., movies, music)","Yes, delayed or problematic deliveries",Neutral or unsure,Enhanced customer reviews and ratings system
Female,Rarely or Never,0-20 %,Always,Time-saving,Brand reputation and trustworthiness,Cash on delivery (if available),"No preference, depends on the product",Daraz,Very concerned,Rarely or Never participate,Extremely price-sensitive,1k to 5k,Beauty and Personal care,"Yes, issues with product quality","Mostly confident, with occasional concerns",Better product descriptions and images
Female,Once in a month,21-40 %,Frequently,Ease and Comfort of shopping from home,Product reviews and ratings,Cash on delivery (if available),"No preference, depends on the product",Others,Somewhat concerned,Frequently participate,Moderately price-sensitive,1k to 5k,Beauty and Personal care,"Yes, issues with product quality","Mostly confident, with occasional concerns",Better product descriptions and images
Female,Once in a month,41-60 %,Always,Ease and Comfort of shopping from home,Brand reputation and trustworthiness,Cash on delivery (if available),"No preference, depends on the product",Others,Very concerned,Rarely or Never participate,Moderately price-sensitive,1k to 5k,Clothing and fashion accessories,"No, I have not experienced any drawbacks","Mostly confident, with occasional concerns","Enhanced customer reviews and ratings system, More personalized recommendations"
Female,Rarely or Never,0-20 %,Frequently,Wide variety of products,Brand reputation and trustworthiness,Cash on delivery (if available),"No preference, depends on the product",Others,Neutral,Rarely or Never participate,Moderately price-sensitive,1k to 5k,Clothing and fashion accessories,"Yes, issues with product quality","Mostly confident, with occasional concerns",Better product descriptions and images
Female,Multiple times per week,41-60 %,Occasionally,User-friendly website/app interface,Customer service and support,Bank transfers or direct deposits,Prefer lnternational retailers,Amazon,Somewhat concerned,Frequently participate,Not price sensitive at all,1k to 5k,"Books and media (e.g., movies, music)","Yes, issues with product quality","Mostly confident, with occasional concerns",Better product descriptions and images
Female,Once in a month,41-60 %,Always,Ease and Comfort of shopping from home,Product reviews and ratings,Cash on delivery (if available),"No preference, depends on the product",Daraz,Somewhat concerned,Frequently participate,Moderately price-sensitive,5k to 10k,Clothing and fashion accessories,"Yes, delayed or problematic deliveries",Neutral or unsure,Better product descriptions and images
Female,Rarely or Never,0-20 %,Always,Ease and Comfort of shopping from home,Price and discounts,Cash on delivery (if available),"No preference, depends on the product",Daraz,Somewhat concerned,Frequently participate,Slightly price-sensitive,1k to 5k,Clothing and fashion accessories,"Yes, issues with product quality",Neutral or unsure,"Better product descriptions and images, More personalized recommendations"
Female,Once in a week,41-60 %,Frequently,Ease and Comfort of shopping from home,Product reviews and ratings,Cash on delivery (if available),Prefer local retailers,Daraz,Somewhat concerned,Frequently participate,Moderately price-sensitive,1k to 5k,Clothing and fashion accessories,"Yes, issues with product quality","Yes, always confident in product authenticity and quality",Better product descriptions and images
Female,Rarely or Never,0-20 %,Always,Attractive discounts and promotions,Price and discounts,Cash on delivery (if available),Prefer local retailers,Daraz,Very concerned,Rarely or Never participate,Extremely price-sensitive,1k to 5k,Clothing and fashion accessories,"Yes, issues with product quality","Yes, always confident in product authenticity and quality",Better product descriptions and images
Female,Rarely or Never,0-20 %,Frequently,Ease and Comfort of shopping from home,Customer service and support,Cash on delivery (if available),"No preference, depends on the product",Others,Somewhat concerned,Occasionally participate,Not price sensitive at all,more than 10k,Beauty and Personal care,"No, I have not experienced any drawbacks","Mostly confident, with occasional concerns",Enhanced customer reviews and ratings system
Female,Once in a month,21-40 %,Always,Ease and Comfort of shopping from home,Brand reputation and trustworthiness,Cash on delivery (if available),Prefer lnternational retailers,Daraz,Very concerned,Occasionally participate,Moderately price-sensitive,1k to 5k,Clothing and fashion accessories,"Yes, issues with product quality",Neutral or unsure,Better product descriptions and images
Female,Rarely or Never,0-20 %,Always,Attractive discounts and promotions,Product reviews and ratings,Cash on delivery (if available),"No preference, depends on the product",Amazon,Very concerned,Occasionally participate,Extremely price-sensitive,less than 1k,"Books and media (e.g., movies, music)","Yes, difficulty with returns or refunds","Mostly confident, with occasional concerns",Better product descriptions and images
Female,Once in a month,61-80%,Always,Ease and Comfort of shopping from home,Brand reputation and trustworthiness,Cash on delivery (if available),"No preference, depends on the product",Daraz,Very concerned,Always take advantage of promotions and discounts,Moderately price-sensitive,more than 10k,Clothing and fashion accessories,"Yes, issues with product quality","Yes, always confident in product authenticity and quality","Better product descriptions and images, More personalized recommendations"
Female,Once in a month,61-80%,Always,Ease and Comfort of shopping from home,Brand reputation and trustworthiness,Cash on delivery (if available),"No preference, depends on the product",AliExpress,Somewhat concerned,Occasionally participate,Slightly price-sensitive,1k to 5k,Clothing and fashion accessories,"No, I have not experienced any drawbacks","Yes, always confident in product authenticity and quality",Improved search and filtering options
Female,Once in a month,61-80%,Frequently,Ease and Comfort of shopping from home,Price and discounts,Cash on delivery (if available),"No preference, depends on the product",Daraz,Somewhat concerned,Frequently participate,Moderately price-sensitive,1k to 5k,Clothing and fashion accessories,"Yes, difficulty with returns or refunds","Mostly confident, with occasional concerns",Improved search and filtering options
Female,Rarely or Never,41-60 %,Frequently,Ease and Comfort of shopping from home,Customer service and support,Other digital wallets,"No preference, depends on the product",Others,Very concerned,Always take advantage of promotions and discounts,Extremely price-sensitive,less than 1k,Clothing and fashion accessories,"No, I have not experienced any drawbacks","No, often concerned about product authenticity and quality","More personalized recommendations, "
Male,Once in a month,41-60 %,Occasionally,Attractive discounts and promotions,Price and discounts,Credit or debit card,"No preference, depends on the product",Amazon,Very concerned,Occasionally participate,Slightly price-sensitive,5k to 10k,Electronics and gadgets,"No, I have not experienced any drawbacks","Mostly confident, with occasional concerns",Better product descriptions and images
Female,Once in a month,21-40 %,Always,Ease and Comfort of shopping from home,Brand reputation and trustworthiness,Cash on delivery (if available),Prefer local retailers,Others,Somewhat concerned,Occasionally participate,Moderately price-sensitive,5k to 10k,Clothing and fashion accessories,"Yes, delayed or problematic deliveries","Mostly confident, with occasional concerns",Better product descriptions and images
Male,Rarely or Never,0-20 %,Always,Time-saving,Brand reputation and trustworthiness,Cash on delivery (if available),"No preference, depends on the product",Amazon,Very concerned,Always take advantage of promotions and discounts,Extremely price-sensitive,less than 1k,Jo bhi dil mei ayega wahi lunga,"Beats ke headphone ki jagha ""The Bluetooth device is ready to pair"" walay headphone de diya","No, often concerned about product authenticity and quality",Pakistani ko nikalo pehle adha masla solve
Female,Once in a month,0-20 %,Occasionally,Wide variety of products,Price and discounts,Cash on delivery (if available),Prefer local retailers,Daraz,Very concerned,Always take advantage of promotions and discounts,Extremely price-sensitive,less than 1k,Beauty and Personal care,"Yes, difficulty with returns or refunds","Yes, always confident in product authenticity and quality",Better product descriptions and images
Female,Once in a month,21-40 %,Frequently,Ease and Comfort of shopping from home,Price and discounts,Cash on delivery (if available),"No preference, depends on the product",AliExpress,Somewhat concerned,Frequently participate,Slightly price-sensitive,5k to 10k,Clothing and fashion accessories,"No, I have not experienced any drawbacks","Mostly confident, with occasional concerns",Better product descriptions and images
Male,Once in a week,61-80%,Always,Wide variety of products,Product reviews and ratings,Cash on delivery (if available),"No preference, depends on the product",Daraz,Somewhat concerned,Occasionally participate,Extremely price-sensitive,1k to 5k,Clothing and fashion accessories,"Yes, issues with product quality","Mostly confident, with occasional concerns",Better product descriptions and images
Male,Once in a week,41-60 %,Always,Ease and Comfort of shopping from home,Product reviews and ratings,Credit or debit card,Prefer lnternational retailers,Others,Neutral,Frequently participate,Not price sensitive at all,more than 10k,Clothing and fashion accessories,"Yes, difficulty with returns or refunds",Neutral or unsure,"Better product descriptions and images, Improved search and filtering options, Enhanced customer reviews and ratings system, More personalized recommendations"
Female,Rarely or Never,0-20 %,Always,Attractive discounts and promotions,Product reviews and ratings,Cash on delivery (if available),"No preference, depends on the product",Daraz,Very concerned,Rarely or Never participate,Moderately price-sensitive,1k to 5k,Beauty and Personal care,"No, I have not experienced any drawbacks",Neutral or unsure,"Better product descriptions and images, Enhanced customer reviews and ratings system"
Female,Once in a month,0-20 %,Occasionally,Attractive discounts and promotions,Price and discounts,Cash on delivery (if available),"No preference, depends on the product",Amazon,Not Concerned at all,Rarely or Never participate,Moderately price-sensitive,1k to 5k,Clothing and fashion accessories,"Yes, difficulty with returns or refunds","Mostly confident, with occasional concerns",Better product descriptions and images
Female,Multiple times per week,81-100%,Occasionally,Ease and Comfort of shopping from home,Price and discounts,Cash on delivery (if available),"No preference, depends on the product",Amazon,Somewhat concerned,Frequently participate,Slightly price-sensitive,5k to 10k,Clothing and fashion accessories,"Yes, delayed or problematic deliveries","Mostly confident, with occasional concerns",Improved search and filtering options
Female,Once in a month,61-80%,Always,Ease and Comfort of shopping from home,Customer service and support,Cash on delivery (if available),"No preference, depends on the product",Daraz,Neutral,Frequently participate,Moderately price-sensitive,5k to 10k,Clothing and fashion accessories,"Yes, delayed or problematic deliveries","Mostly confident, with occasional concerns","More personalized recommendations, Customisation"
Female,Once in a month,21-40 %,Always,Ease and Comfort of shopping from home,Product reviews and ratings,Cash on delivery (if available),"No preference, depends on the product",Others,Very concerned,Occasionally participate,Moderately price-sensitive,1k to 5k,Beauty and Personal care,"Yes, issues with product quality","Mostly confident, with occasional concerns","Better product descriptions and images, Enhanced customer reviews and ratings system"
Male,Rarely or Never,21-40 %,Always,User-friendly website/app interface,Brand reputation and trustworthiness,Cash on delivery (if available),"No preference, depends on the product",Others,Somewhat concerned,Occasionally participate,Moderately price-sensitive,more than 10k,Electronics and gadgets,"Yes, difficulty with returns or refunds","Mostly confident, with occasional concerns",Better product descriptions and images
Female,Once in a month,0-20 %,Frequently,Attractive discounts and promotions,Price and discounts,Cash on delivery (if available),"No preference, depends on the product",Others,Very concerned,Occasionally participate,Moderately price-sensitive,1k to 5k,Clothing and fashion accessories,"Yes, issues with product quality","Yes, always confident in product authenticity and quality",Enhanced customer reviews and ratings system
Female,Once in a month,0-20 %,Always,Wide variety of products,Brand reputation and trustworthiness,Cash on delivery (if available),"No preference, depends on the product",Daraz,Very concerned,Rarely or Never participate,Not price sensitive at all,1k to 5k,Beauty and Personal care,"No, I have not experienced any drawbacks","Yes, always confident in product authenticity and quality",Better product descriptions and images
Male,Rarely or Never,0-20 %,Frequently,Attractive discounts and promotions,Price and discounts,Other digital wallets,"No preference, depends on the product",Daraz,Somewhat concerned,Occasionally participate,Extremely price-sensitive,1k to 5k,Electronics and gadgets,"No, I have not experienced any drawbacks","No, often concerned about product authenticity and quality","Better product descriptions and images, Improved search and filtering options, Enhanced customer reviews and ratings system, More personalized recommendations"
Female,Rarely or Never,0-20 %,Always,Wide variety of products,Brand reputation and trustworthiness,Cash on delivery (if available),"No preference, depends on the product",Amazon,Very concerned,Rarely or Never participate,Moderately price-sensitive,1k to 5k,Fridge magnets ,"Yes, issues with product quality",Neutral or unsure,Return option
Male,Once in a month,21-40 %,Frequently,Wide variety of products,Product reviews and ratings,Cash on delivery (if available),Prefer local retailers,Daraz,Neutral,Rarely or Never participate,Moderately price-sensitive,1k to 5k,Electronics and gadgets,"Yes, issues with product quality","Mostly confident, with occasional concerns",Enhanced customer reviews and ratings system
Female,Once in a week,41-60 %,Occasionally,Wide variety of products,Brand reputation and trustworthiness,Cash on delivery (if available),"No preference, depends on the product",Others,Somewhat concerned,Frequently participate,Moderately price-sensitive,1k to 5k,Clothing and fashion accessories,"Yes, difficulty with returns or refunds","Mostly confident, with occasional concerns",Better product descriptions and images
Female,Once in a week,41-60 %,Always,Ease and Comfort of shopping from home,Product reviews and ratings,Cash on delivery (if available),"No preference, depends on the product",Daraz,Neutral,Rarely or Never participate,Moderately price-sensitive,5k to 10k,Beauty and Personal care,"Yes, issues with product quality","Mostly confident, with occasional concerns",Better product descriptions and images
Male,Rarely or Never,0-20 %,Frequently,Ease and Comfort of shopping from home,Product reviews and ratings,Cash on delivery (if available),"No preference, depends on the product",Daraz,Somewhat concerned,Always take advantage of promotions and discounts,Slightly price-sensitive,5k to 10k,Clothing and fashion accessories,"Yes, difficulty with returns or refunds","Yes, always confident in product authenticity and quality",Better product descriptions and images
Female,Once in a week,21-40 %,Always,Time-saving,Brand reputation and trustworthiness,Cash on delivery (if available),"No preference, depends on the product",Daraz,Very concerned,Frequently participate,Moderately price-sensitive,1k to 5k,Clothing and fashion accessories,"Yes, issues with product quality","No, often concerned about product authenticity and quality",Better product descriptions and images
Female,Rarely or Never,41-60 %,Always,Ease and Comfort of shopping from home,Product reviews and ratings,Cash on delivery (if available),"No preference, depends on the product",Daraz,Very concerned,Rarely or Never participate,Moderately price-sensitive,1k to 5k,"Books and media (e.g., movies, music)","Yes, issues with product quality",Neutral or unsure,Better product descriptions and images
Female,Once in a month,61-80%,Always,Ease and Comfort of shopping from home,Price and discounts,Cash on delivery (if available),"No preference, depends on the product",Daraz,Very concerned,Occasionally participate,Slightly price-sensitive,5k to 10k,Clothing and fashion accessories,"Yes, delayed or problematic deliveries","Mostly confident, with occasional concerns",Better product descriptions and images
Male,Once in a month,61-80%,Occasionally,Ease and Comfort of shopping from home,Brand reputation and trustworthiness,Cash on delivery (if available),"No preference, depends on the product",Others,Neutral,Frequently participate,Moderately price-sensitive,1k to 5k,Clothing and fashion accessories,"Yes, delayed or problematic deliveries","Mostly confident, with occasional concerns",Better product descriptions and images
Female,Once in a month,21-40 %,Always,Ease and Comfort of shopping from home,Brand reputation and trustworthiness,Cash on delivery (if available),"No preference, depends on the product",Daraz,Very concerned,Rarely or Never participate,Extremely price-sensitive,1k to 5k,Clothing and fashion accessories,"Yes, issues with product quality","Mostly confident, with occasional concerns",Better product descriptions and images
Female,Once in a month,61-80%,Always,Ease and Comfort of shopping from home,Product reviews and ratings,Cash on delivery (if available),Prefer lnternational retailers,Others,Very concerned,Occasionally participate,Extremely price-sensitive,5k to 10k,Clothing and fashion accessories,"Yes, issues with product quality","Mostly confident, with occasional concerns",Enhanced customer reviews and ratings system
Male,Once in a week,41-60 %,Frequently,Wide variety of products,Price and discounts,Cash on delivery (if available),Prefer lnternational retailers,AliExpress,Very concerned,Frequently participate,Moderately price-sensitive,1k to 5k,Electronics and gadgets,"Yes, difficulty with returns or refunds","Yes, always confident in product authenticity and quality",Better product descriptions and images
Male,Rarely or Never,0-20 %,Always,Wide variety of products,Brand reputation and trustworthiness,Cash on delivery (if available),"No preference, depends on the product",Daraz,Somewhat concerned,Rarely or Never participate,Moderately price-sensitive,5k to 10k,Clothing and fashion accessories,"Yes, delayed or problematic deliveries","Mostly confident, with occasional concerns","Better product descriptions and images, Improved search and filtering options, Enhanced customer reviews and ratings system, More personalized recommendations"
Female,Multiple times per week,81-100%,Always,Ease and Comfort of shopping from home,Price and discounts,Credit or debit card,"No preference, depends on the product",Daraz,Somewhat concerned,Occasionally participate,Moderately price-sensitive,1k to 5k,Clothing and fashion accessories,"Yes, difficulty with returns or refunds","Mostly confident, with occasional concerns","Better product descriptions and images, Enhanced customer reviews and ratings system, More personalized recommendations"
Female,Rarely or Never,0-20 %,Rarely or Never,Time-saving,Customer service and support,Cash on delivery (if available),"No preference, depends on the product",Others,Neutral,Frequently participate,Extremely price-sensitive,more than 10k,"Books and media (e.g., movies, music)","Yes, issues with product quality","Yes, always confident in product authenticity and quality",Better product descriptions and images
Male,Once in a week,41-60 %,Always,Time-saving,Product reviews and ratings,Cash on delivery (if available),"No preference, depends on the product",Daraz,Very concerned,Frequently participate,Slightly price-sensitive,1k to 5k,Electronics and gadgets,"No, I have not experienced any drawbacks","Yes, always confident in product authenticity and quality",Enhanced customer reviews and ratings system
Female,Once in a month,0-20 %,Rarely or Never,Attractive discounts and promotions,Brand reputation and trustworthiness,Cash on delivery (if available),Prefer local retailers,Others,Very concerned,Frequently participate,Moderately price-sensitive,5k to 10k,Clothing and fashion accessories,"Yes, delayed or problematic deliveries","No, often concerned about product authenticity and quality",Better product descriptions and images
Male,Once in a month,0-20 %,Always,Wide variety of products,Product reviews and ratings,Cash on delivery (if available),Prefer local retailers,Daraz,Neutral,Occasionally participate,Slightly price-sensitive,1k to 5k,Clothing and fashion accessories,"Yes, issues with product quality","Mostly confident, with occasional concerns","Enhanced customer reviews and ratings system, More personalized recommendations"
Male,Once in a month,0-20 %,Always,Ease and Comfort of shopping from home,Product reviews and ratings,Cash on delivery (if available),"No preference, depends on the product",Others,Neutral,Occasionally participate,Slightly price-sensitive,1k to 5k,Electronics and gadgets,"Yes, issues with product quality","Mostly confident, with occasional concerns",Enhanced customer reviews and ratings system
Female,Once in a month,0-20 %,Occasionally,Time-saving,Brand reputation and trustworthiness,Cash on delivery (if available),Prefer local retailers,Others,Somewhat concerned,Rarely or Never participate,Moderately price-sensitive,5k to 10k,"Books and media (e.g., movies, music)","Yes, issues with product quality","Mostly confident, with occasional concerns","Better product descriptions and images, Improved search and filtering options"
Male,Once in a month,61-80%,Frequently,Ease and Comfort of shopping from home,Brand reputation and trustworthiness,Credit or debit card,"No preference, depends on the product",Others,Somewhat concerned,Frequently participate,Slightly price-sensitive,5k to 10k,Electronics and gadgets,"Yes, issues with product quality","Mostly confident, with occasional concerns",More personalized recommendations
Male,Once in a month,41-60 %,Occasionally,Wide variety of products,Product reviews and ratings,Bank transfers or direct deposits,Prefer local retailers,Others,Very concerned,Occasionally participate,Moderately price-sensitive,1k to 5k,Clothing and fashion accessories,"Yes, difficulty with returns or refunds","Mostly confident, with occasional concerns",Better product descriptions and images
Female,Multiple times per week,81-100%,Frequently,Ease and Comfort of shopping from home,Product reviews and ratings,Cash on delivery (if available),Prefer lnternational retailers,Amazon,Very concerned,Frequently participate,Moderately price-sensitive,less than 1k,Clothing and fashion accessories,"Yes, delayed or problematic deliveries","Yes, always confident in product authenticity and quality",Better product descriptions and images
Female,Once in a week,41-60 %,Always,Wide variety of products,Product reviews and ratings,Cash on delivery (if available),Prefer local retailers,Daraz,Very concerned,Always take advantage of promotions and discounts,Extremely price-sensitive,1k to 5k,"Books and media (e.g., movies, music)","Yes, issues with product quality","Mostly confident, with occasional concerns",More personalized recommendations
Female,Once in a month,21-40 %,Always,Attractive discounts and promotions,Product reviews and ratings,Cash on delivery (if available),"No preference, depends on the product",Others,Neutral,Rarely or Never participate,Moderately price-sensitive,5k to 10k,Beauty and Personal care,"Yes, issues with product quality",Neutral or unsure,Better product descriptions and images
12/3/2023 21:50,12/4/2023 21:50,21-40 %,Always,Attractive discounts and promotions,Product reviews and ratings,Cash on delivery (if available),"No preference, depends on the product",Daraz,Very concerned,Occasionally participate,Slightly price-sensitive,1k to 5k,Clothing and fashion accessories,"No, I have not experienced any drawbacks",Neutral or unsure,Enhanced customer reviews and ratings system
Female,Once in a month,41-60 %,Always,Ease and Comfort of shopping from home,Product reviews and ratings,Credit or debit card,"No preference, depends on the product",Daraz,Not Concerned at all,Always take advantage of promotions and discounts,Not price sensitive at all,1k to 5k,Clothing and fashion accessories,"Yes, delayed or problematic deliveries","Mostly confident, with occasional concerns","Improved search and filtering options, Enhanced customer reviews and ratings system"
Female,Rarely or Never,0-20 %,Always,Ease and Comfort of shopping from home,Price and discounts,Cash on delivery (if available),"No preference, depends on the product",Daraz,Somewhat concerned,Frequently participate,Moderately price-sensitive,1k to 5k,Clothing and fashion accessories,"Yes, delayed or problematic deliveries","Mostly confident, with occasional concerns",Better product descriptions and images
Female,Once in a month,41-60 %,Rarely or Never,Ease and Comfort of shopping from home,Price and discounts,Cash on delivery (if available),Prefer local retailers,Daraz,Very concerned,Always take advantage of promotions and discounts,Slightly price-sensitive,less than 1k,Clothing and fashion accessories,"No, I have not experienced any drawbacks",Neutral or unsure,More personalized recommendations
Female,Once in a month,21-40 %,Always,Ease and Comfort of shopping from home,Product reviews and ratings,Other digital wallets,"No preference, depends on the product",Daraz,Very concerned,Rarely or Never participate,Moderately price-sensitive,1k to 5k,Clothing and fashion accessories,"No, I have not experienced any drawbacks",Neutral or unsure,Enhanced customer reviews and ratings system
Female,Once in a month,0-20 %,Always,Ease and Comfort of shopping from home,Product reviews and ratings,Cash on delivery (if available),"No preference, depends on the product",Daraz,Very concerned,Frequently participate,Moderately price-sensitive,1k to 5k,Clothing and fashion accessories,"Yes, issues with product quality",Neutral or unsure,Improved search and filtering options
Female,Once in a month,41-60 %,Always,Wide variety of products,Brand reputation and trustworthiness,Cash on delivery (if available),"No preference, depends on the product",Daraz,Very concerned,Rarely or Never participate,Slightly price-sensitive,1k to 5k,Clothing and fashion accessories,"Yes, delayed or problematic deliveries","Mostly confident, with occasional concerns",Better product descriptions and images
Male,Rarely or Never,0-20 %,Always,Wide variety of products,Product reviews and ratings,Cash on delivery (if available),"No preference, depends on the product",Others,Very concerned,Occasionally participate,Moderately price-sensitive,1k to 5k,Clothing and fashion accessories,"Yes, issues with product quality",Neutral or unsure,Enhanced customer reviews and ratings system
Male,Once in a month,0-20 %,Always,Ease and Comfort of shopping from home,Product reviews and ratings,Credit or debit card,"No preference, depends on the product",AliExpress,Very concerned,Occasionally participate,Moderately price-sensitive,1k to 5k,Electronics and gadgets,"Yes, issues with product quality","Mostly confident, with occasional concerns",Better product descriptions and images
Female,Once in a month,41-60 %,Always,Time-saving,Price and discounts,Cash on delivery (if available),"No preference, depends on the product",Daraz,Somewhat concerned,Occasionally participate,Moderately price-sensitive,1k to 5k,Clothing and fashion accessories,"Yes, delayed or problematic deliveries",Neutral or unsure,Better product descriptions and images
Male,Once in a month,0-20 %,Always,Wide variety of products,Product reviews and ratings,Credit or debit card,Prefer local retailers,Daraz,Very concerned,Occasionally participate,Moderately price-sensitive,1k to 5k,Foods,"Yes, delayed or problematic deliveries","Yes, always confident in product authenticity and quality",More personalized recommendations
Female,Rarely or Never,0-20 %,Always,Ease and Comfort of shopping from home,Product reviews and ratings,Cash on delivery (if available),"No preference, depends on the product",Daraz,Very concerned,Rarely or Never participate,Extremely price-sensitive,less than 1k,Beauty and Personal care,"Yes, difficulty with returns or refunds",Neutral or unsure,Enhanced customer reviews and ratings system
Female,Once in a week,61-80%,Occasionally,Wide variety of products,Product reviews and ratings,Cash on delivery (if available),Prefer lnternational retailers,Others,Neutral,Occasionally participate,Moderately price-sensitive,5k to 10k,Clothing and fashion accessories,"Yes, issues with product quality","Mostly confident, with occasional concerns","Improved search and filtering options, More personalized recommendations, "
Female,Once in a month,41-60 %,Occasionally,Ease and Comfort of shopping from home,Price and discounts,Cash on delivery (if available),Prefer local retailers,Others,Very concerned,Frequently participate,Moderately price-sensitive,1k to 5k,Clothing and fashion accessories,"No, I have not experienced any drawbacks","Mostly confident, with occasional concerns",Better product descriptions and images
Female,Rarely or Never,0-20 %,Frequently,Ease and Comfort of shopping from home,Brand reputation and trustworthiness,Credit or debit card,Prefer lnternational retailers,AliExpress,Somewhat concerned,Always take advantage of promotions and discounts,Extremely price-sensitive,1k to 5k,Electronics and gadgets,"No, I have not experienced any drawbacks",Neutral or unsure,Better product descriptions and images
Female,Once in a month,61-80%,Frequently,Ease and Comfort of shopping from home,Price and discounts,Cash on delivery (if available),"No preference, depends on the product",Daraz,Very concerned,Frequently participate,Extremely price-sensitive,1k to 5k,Electronics and gadgets,"Yes, issues with product quality","Yes, always confident in product authenticity and quality",Better product descriptions and images
Female,Rarely or Never,0-20 %,Always,Time-saving,Brand reputation and trustworthiness,Credit or debit card,"No preference, depends on the product",Daraz,Somewhat concerned,Rarely or Never participate,Moderately price-sensitive,1k to 5k,Electronics and gadgets,"No, I have not experienced any drawbacks",Neutral or unsure,"Better product descriptions and images, "
Male,Once in a month,21-40 %,Always,Wide variety of products,Product reviews and ratings,Credit or debit card,"No preference, depends on the product",Amazon,Somewhat concerned,Rarely or Never participate,Not price sensitive at all,1k to 5k,Electronics and gadgets,"No, I have not experienced any drawbacks","Yes, always confident in product authenticity and quality",Better product descriptions and images
Female,Once in a month,41-60 %,Always,Ease and Comfort of shopping from home,Product reviews and ratings,Cash on delivery (if available),"No preference, depends on the product",Daraz,Very concerned,Frequently participate,Extremely price-sensitive,5k to 10k,Electronics and gadgets,"Yes, issues with product quality","Yes, always confident in product authenticity and quality",Enhanced customer reviews and ratings system
Female,Once in a week,41-60 %,Always,Ease and Comfort of shopping from home,Brand reputation and trustworthiness,Credit or debit card,Prefer lnternational retailers,Others,Very concerned,Occasionally participate,Slightly price-sensitive,more than 10k,Clothing and fashion accessories,"Yes, issues with product quality","No, often concerned about product authenticity and quality",Better product descriptions and images
Female,Once in a month,61-80%,Rarely or Never,Wide variety of products,Brand reputation and trustworthiness,Cash on delivery (if available),Prefer local retailers,Daraz,Neutral,Rarely or Never participate,Slightly price-sensitive,1k to 5k,Clothing and fashion accessories,"Yes, delayed or problematic deliveries","Mostly confident, with occasional concerns",Better product descriptions and images
Male,Once in a week,21-40 %,Frequently,Wide variety of products,Product reviews and ratings,Cash on delivery (if available),"No preference, depends on the product",Daraz,Neutral,Rarely or Never participate,Not price sensitive at all,5k to 10k,Electronics and gadgets,"Yes, issues with product quality",Neutral or unsure,Better product descriptions and images
Male,Rarely or Never,0-20 %,Always,Wide variety of products,Product reviews and ratings,Cash on delivery (if available),"No preference, depends on the product",Daraz,Somewhat concerned,Rarely or Never participate,Moderately price-sensitive,1k to 5k,Electronics and gadgets,"Yes, issues with product quality",Neutral or unsure,Better product descriptions and images
Female,Once in a month,0-20 %,Occasionally,Ease and Comfort of shopping from home,Product reviews and ratings,Cash on delivery (if available),"No preference, depends on the product",Others,Somewhat concerned,Frequently participate,Moderately price-sensitive,1k to 5k,Clothing and fashion accessories,"No, I have not experienced any drawbacks","Mostly confident, with occasional concerns",Better product descriptions and images
Male,Once in a month,0-20 %,Always,Ease and Comfort of shopping from home,Customer service and support,Cash on delivery (if available),Prefer lnternational retailers,AliExpress,Somewhat concerned,Occasionally participate,Moderately price-sensitive,1k to 5k,Electronics and gadgets,"Yes, issues with product quality","Mostly confident, with occasional concerns",More personalized recommendations
Female,Rarely or Never,0-20 %,Rarely or Never,Time-saving,Price and discounts,Cash on delivery (if available),"No preference, depends on the product",Amazon,Neutral,Rarely or Never participate,Extremely price-sensitive,less than 1k,Clothing and fashion accessories,"No, I have not experienced any drawbacks",Neutral or unsure,Better product descriptions and images
Male,Once in a month,21-40 %,Always,Time-saving,Customer service and support,Cash on delivery (if available),Prefer lnternational retailers,Others,Very concerned,Always take advantage of promotions and discounts,Moderately price-sensitive,5k to 10k,Clothing and fashion accessories,"Yes, issues with product quality","Yes, always confident in product authenticity and quality",Enhanced customer reviews and ratings system
Female,Once in a month,21-40 %,Frequently,Ease and Comfort of shopping from home,Customer service and support,Cash on delivery (if available),"No preference, depends on the product",Others,Very concerned,Frequently participate,Slightly price-sensitive,1k to 5k,Beauty and Personal care,"Yes, issues with product quality","Mostly confident, with occasional concerns",Improved search and filtering options
Male,Rarely or Never,0-20 %,Always,Wide variety of products,Brand reputation and trustworthiness,Cash on delivery (if available),"No preference, depends on the product",Others,Somewhat concerned,Frequently participate,Moderately price-sensitive,5k to 10k,Clothing and fashion accessories,"No, I have not experienced any drawbacks","Yes, always confident in product authenticity and quality","Better product descriptions and images, Improved search and filtering options"
Female,Once in a month,21-40 %,Always,Ease and Comfort of shopping from home,Product reviews and ratings,Cash on delivery (if available),"No preference, depends on the product",Daraz,Very concerned,Rarely or Never participate,Moderately price-sensitive,1k to 5k,Beauty and Personal care,"Yes, delayed or problematic deliveries",Neutral or unsure,Enhanced customer reviews and ratings system
Female,Once in a month,0-20 %,Always,Ease and Comfort of shopping from home,Product reviews and ratings,Cash on delivery (if available),"No preference, depends on the product",Daraz,Neutral,Occasionally participate,Moderately price-sensitive,1k to 5k,Electronics and gadgets,"Yes, issues with product quality","Mostly confident, with occasional concerns",Better product descriptions and images
Male,Rarely or Never,61-80%,Frequently,Wide variety of products,Product reviews and ratings,Credit or debit card,"No preference, depends on the product",AliExpress,Very concerned,Occasionally participate,Slightly price-sensitive,1k to 5k,Electronics and gadgets,"Yes, difficulty with returns or refunds","Yes, always confident in product authenticity and quality",Better product descriptions and images
Female,Multiple times per week,61-80%,Always,Ease and Comfort of shopping from home,Product reviews and ratings,Cash on delivery (if available),"No preference, depends on the product",Others,Neutral,Frequently participate,Slightly price-sensitive,5k to 10k,Clothing and fashion accessories,"Yes, issues with product quality","Yes, always confident in product authenticity and quality",More personalized recommendations
Male,Once in a month,0-20 %,Always,User-friendly website/app interface,Product reviews and ratings,Cash on delivery (if available),Prefer local retailers,Others,Somewhat concerned,Occasionally participate,Extremely price-sensitive,1k to 5k,Beauty and Personal care,"Yes, issues with product quality","No, often concerned about product authenticity and quality",Better product descriptions and images
Male,Rarely or Never,0-20 %,Occasionally,Ease and Comfort of shopping from home,Product reviews and ratings,Cash on delivery (if available),Prefer local retailers,Daraz,Neutral,Rarely or Never participate,Extremely price-sensitive,1k to 5k,Beauty and Personal care,"Yes, issues with product quality","No, often concerned about product authenticity and quality",Better product descriptions and images
Female,Multiple times per week,21-40 %,Occasionally,Wide variety of products,Product reviews and ratings,Cash on delivery (if available),"No preference, depends on the product",Daraz,Very concerned,Occasionally participate,Moderately price-sensitive,less than 1k,Clothing and fashion accessories,"No, I have not experienced any drawbacks","Mostly confident, with occasional concerns",Better product descriptions and images
Female,Rarely or Never,0-20 %,Frequently,Time-saving,Price and discounts,Cash on delivery (if available),"No preference, depends on the product",Daraz,Somewhat concerned,Always take advantage of promotions and discounts,Extremely price-sensitive,less than 1k,"Books and media (e.g., movies, music)","Yes, issues with product quality","Yes, always confident in product authenticity and quality",Improved search and filtering options
Female,Rarely or Never,0-20 %,Always,Attractive discounts and promotions,Product reviews and ratings,Cash on delivery (if available),"No preference, depends on the product",Daraz,Neutral,Occasionally participate,Moderately price-sensitive,1k to 5k,Electronics and gadgets,"No, I have not experienced any drawbacks","Mostly confident, with occasional concerns",Better product descriptions and images
Male,Once in a month,21-40 %,Always,User-friendly website/app interface,Brand reputation and trustworthiness,Cash on delivery (if available),"No preference, depends on the product",Others,Very concerned,Frequently participate,Moderately price-sensitive,1k to 5k,Clothing and fashion accessories,"Yes, issues with product quality",Neutral or unsure,Better product descriptions and images
Female,Once in a month,21-40 %,Occasionally,Attractive discounts and promotions,Brand reputation and trustworthiness,Cash on delivery (if available),"No preference, depends on the product",Others,Somewhat concerned,Frequently participate,Slightly price-sensitive,5k to 10k,Clothing and fashion accessories,"No, I have not experienced any drawbacks","Mostly confident, with occasional concerns",Better product descriptions and images
Male,Once in a month,21-40 %,Frequently,Wide variety of products,Price and discounts,Cash on delivery (if available),"No preference, depends on the product",Daraz,Very concerned,Rarely or Never participate,Moderately price-sensitive,1k to 5k,Clothing and fashion accessories,"Yes, issues with product quality",Neutral or unsure,"Better product descriptions and images, Enhanced customer reviews and ratings system"
Female,Once in a month,0-20 %,Always,Ease and Comfort of shopping from home,Price and discounts,Cash on delivery (if available),Prefer local retailers,Daraz,Very concerned,Occasionally participate,Moderately price-sensitive,less than 1k,"Books and media (e.g., movies, music)","Yes, issues with product quality",Neutral or unsure,"Better product descriptions and images, Enhanced customer reviews and ratings system"
Female,Rarely or Never,0-20 %,Rarely or Never,Ease and Comfort of shopping from home,Price and discounts,Cash on delivery (if available),"No preference, depends on the product",Others,Somewhat concerned,Rarely or Never participate,Moderately price-sensitive,1k to 5k,Beauty and Personal care,"No, I have not experienced any drawbacks","Yes, always confident in product authenticity and quality",Enhanced customer reviews and ratings system
Male,Rarely or Never,0-20 %,Always,Attractive discounts and promotions,Price and discounts,Other digital wallets,"No preference, depends on the product",Amazon,Very concerned,Occasionally participate,Moderately price-sensitive,1k to 5k,"Books and media (e.g., movies, music)","Yes, difficulty with returns or refunds","Yes, always confident in product authenticity and quality",Better product descriptions and images
Male,Rarely or Never,0-20 %,Rarely or Never,Time-saving,Price and discounts,Cash on delivery (if available),"No preference, depends on the product",Others,Somewhat concerned,Frequently participate,Moderately price-sensitive,less than 1k,"Books and media (e.g., movies, music)","Yes, difficulty with returns or refunds","Mostly confident, with occasional concerns",More personalized recommendations
Female,Once in a month,41-60 %,Always,Wide variety of products,Price and discounts,Cash on delivery (if available),"No preference, depends on the product",Others,Neutral,Always take advantage of promotions and discounts,Moderately price-sensitive,1k to 5k,Clothing and fashion accessories,"Yes, issues with product quality","Mostly confident, with occasional concerns",Enhanced customer reviews and ratings system
Male,Once in a month,21-40 %,Always,Ease and Comfort of shopping from home,Product reviews and ratings,Cash on delivery (if available),"No preference, depends on the product",Daraz,Neutral,Occasionally participate,Moderately price-sensitive,1k to 5k,Electronics and gadgets,"Yes, issues with product quality","Mostly confident, with occasional concerns","Better product descriptions and images, Improved search and filtering options, Enhanced customer reviews and ratings system, More personalized recommendations"
Female,Once in a month,0-20 %,Always,Ease and Comfort of shopping from home,Product reviews and ratings,Cash on delivery (if available),"No preference, depends on the product",Daraz,Not Concerned at all,Rarely or Never participate,Slightly price-sensitive,1k to 5k,Clothing and fashion accessories,"Yes, issues with product quality","No, often concerned about product authenticity and quality",More personalized recommendations
Female,Once in a week,61-80%,Always,Time-saving,Price and discounts,Cash on delivery (if available),"No preference, depends on the product",Others,Neutral,Always take advantage of promotions and discounts,Moderately price-sensitive,5k to 10k,Clothing and fashion accessories,"No, I have not experienced any drawbacks","Yes, always confident in product authenticity and quality",Better product descriptions and images
Female,Rarely or Never,0-20 %,Always,User-friendly website/app interface,Product reviews and ratings,Cash on delivery (if available),Prefer local retailers,Daraz,Neutral,Rarely or Never participate,Moderately price-sensitive,less than 1k,Jewellery and Stationery items,"No, I have not experienced any drawbacks",Neutral or unsure,Better product descriptions and images
Female,Once in a month,41-60 %,Always,Ease and Comfort of shopping from home,Product reviews and ratings,Cash on delivery (if available),"No preference, depends on the product",Daraz,Very concerned,Always take advantage of promotions and discounts,Moderately price-sensitive,more than 10k,Clothing and fashion accessories,"Yes, delayed or problematic deliveries","Mostly confident, with occasional concerns",Better product descriptions and images
Male,Once in a month,21-40 %,Rarely or Never,Attractive discounts and promotions,Customer service and support,Cash on delivery (if available),Prefer local retailers,Others,Very concerned,Occasionally participate,Moderately price-sensitive,1k to 5k,Clothing and fashion accessories,"Yes, issues with product quality",Neutral or unsure,Improved search and filtering options
Female,Once in a week,21-40 %,Always,Ease and Comfort of shopping from home,Price and discounts,Cash on delivery (if available),Prefer local retailers,Daraz,Very concerned,Occasionally participate,Slightly price-sensitive,5k to 10k,Clothing and fashion accessories,"No, I have not experienced any drawbacks","Mostly confident, with occasional concerns",More personalized recommendations
Female,Once in a month,61-80%,Always,Ease and Comfort of shopping from home,Brand reputation and trustworthiness,Cash on delivery (if available),"No preference, depends on the product",Daraz,Neutral,Rarely or Never participate,Moderately price-sensitive,1k to 5k,Electronics and gadgets,"Yes, issues with product quality",Neutral or unsure,More personalized recommendations
Female,Once in a month,41-60 %,Always,Ease and Comfort of shopping from home,Product reviews and ratings,Cash on delivery (if available),"No preference, depends on the product",Daraz,Somewhat concerned,Rarely or Never participate,Moderately price-sensitive,1k to 5k,Clothing and fashion accessories,"Yes, issues with product quality","Yes, always confident in product authenticity and quality",Enhanced customer reviews and ratings system
Female,Once in a month,21-40 %,Always,Wide variety of products,Product reviews and ratings,Cash on delivery (if available),"No preference, depends on the product",Daraz,Neutral,Frequently participate,Moderately price-sensitive,1k to 5k,Beauty and Personal care,"No, I have not experienced any drawbacks",Neutral or unsure,Enhanced customer reviews and ratings system
Female,Once in a month,41-60 %,Occasionally,Ease and Comfort of shopping from home,Price and discounts,Cash on delivery (if available),"No preference, depends on the product",Daraz,Neutral,Occasionally participate,Moderately price-sensitive,1k to 5k,Clothing and fashion accessories,"No, I have not experienced any drawbacks","Mostly confident, with occasional concerns",Better product descriptions and images
Female,Once in a month,21-40 %,Always,Attractive discounts and promotions,Brand reputation and trustworthiness,Cash on delivery (if available),"No preference, depends on the product",Others,Somewhat concerned,Occasionally participate,Moderately price-sensitive,1k to 5k,Clothing and fashion accessories,"Yes, delayed or problematic deliveries","Mostly confident, with occasional concerns","Improved search and filtering options, Enhanced customer reviews and ratings system"
Female,Once in a month,41-60 %,Always,Ease and Comfort of shopping from home,Product reviews and ratings,Cash on delivery (if available),"No preference, depends on the product",Others,Somewhat concerned,Occasionally participate,Moderately price-sensitive,1k to 5k,Clothing and fashion accessories,"Yes, issues with product quality","Mostly confident, with occasional concerns",Better product descriptions and images
Female,Rarely or Never,0-20 %,Occasionally,Ease and Comfort of shopping from home,Brand reputation and trustworthiness,Cash on delivery (if available),"No preference, depends on the product",Others,Very concerned,Rarely or Never participate,Moderately price-sensitive,5k to 10k,Clothing and fashion accessories,"Yes, issues with product quality","No, often concerned about product authenticity and quality",Better product descriptions and images
Male,Once in a week,61-80%,Always,Attractive discounts and promotions,Brand reputation and trustworthiness,Cash on delivery (if available),"No preference, depends on the product",Others,Neutral,Always take advantage of promotions and discounts,Extremely price-sensitive,1k to 5k,Clothing and fashion accessories,"Yes, difficulty with returns or refunds","Yes, always confident in product authenticity and quality","Improved search and filtering options, Enhanced customer reviews and ratings system, More personalized recommendations"
Male,Rarely or Never,81-100%,Rarely or Never,Wide variety of products,Price and discounts,Cash on delivery (if available),"No preference, depends on the product",Others,Neutral,Rarely or Never participate,Extremely price-sensitive,1k to 5k,Clothing and fashion accessories,"Yes, issues with product quality","No, often concerned about product authenticity and quality",Better product descriptions and images
Male,Once in a month,0-20 %,Always,Attractive discounts and promotions,Price and discounts,Cash on delivery (if available),"No preference, depends on the product",Daraz,Very concerned,Occasionally participate,Moderately price-sensitive,1k to 5k,Electronics and gadgets,"Yes, issues with product quality","Mostly confident, with occasional concerns",Better product descriptions and images
Female,Once in a month,41-60 %,Frequently,Ease and Comfort of shopping from home,Brand reputation and trustworthiness,Cash on delivery (if available),"No preference, depends on the product",Daraz,Very concerned,Rarely or Never participate,Moderately price-sensitive,1k to 5k,Clothing and fashion accessories,"Yes, issues with product quality",Neutral or unsure,Improved search and filtering options
Female,Once in a month,21-40 %,Always,Ease and Comfort of shopping from home,Product reviews and ratings,Cash on delivery (if available),"No preference, depends on the product",Daraz,Very concerned,Rarely or Never participate,Extremely price-sensitive,1k to 5k,Home  Appliances and furniture,"No, I have not experienced any drawbacks",Neutral or unsure,Better product descriptions and images
Female,Once in a month,0-20 %,Always,Ease and Comfort of shopping from home,Product reviews and ratings,Cash on delivery (if available),"No preference, depends on the product",Daraz,Very concerned,Occasionally participate,Extremely price-sensitive,1k to 5k,"Books and media (e.g., movies, music)","Yes, issues with product quality","Mostly confident, with occasional concerns",Improved search and filtering options
Female,Once in a month,21-40 %,Always,Attractive discounts and promotions,Price and discounts,Cash on delivery (if available),"No preference, depends on the product",Daraz,Very concerned,Always take advantage of promotions and discounts,Moderately price-sensitive,1k to 5k,Clothing and fashion accessories,"Yes, issues with product quality","Yes, always confident in product authenticity and quality",Enhanced customer reviews and ratings system
Female,Rarely or Never,0-20 %,Always,Wide variety of products,Product reviews and ratings,Cash on delivery (if available),"No preference, depends on the product",Others,Not Concerned at all,Rarely or Never participate,Extremely price-sensitive,1k to 5k,Clothing and fashion accessories,"No, I have not experienced any drawbacks",Neutral or unsure,"Better product descriptions and images, Enhanced customer reviews and ratings system"
Male,Once in a month,0-20 %,Always,Time-saving,Product reviews and ratings,Cash on delivery (if available),Prefer lnternational retailers,Daraz,Very concerned,Always take advantage of promotions and discounts,Extremely price-sensitive,5k to 10k,Electronics and gadgets,"Yes, issues with product quality","Yes, always confident in product authenticity and quality",Better product descriptions and images
Female,Once in a month,0-20 %,Always,Attractive discounts and promotions,Product reviews and ratings,Cash on delivery (if available),"No preference, depends on the product",Daraz,Neutral,Occasionally participate,Moderately price-sensitive,1k to 5k,Clothing and fashion accessories,"Yes, difficulty with returns or refunds","Mostly confident, with occasional concerns",Enhanced customer reviews and ratings system
Male,Rarely or Never,21-40 %,Always,Attractive discounts and promotions,Price and discounts,Cash on delivery (if available),Prefer local retailers,Daraz,Somewhat concerned,Always take advantage of promotions and discounts,Moderately price-sensitive,1k to 5k,Clothing and fashion accessories,"No, I have not experienced any drawbacks","Mostly confident, with occasional concerns",Enhanced customer reviews and ratings system
Female,Once in a month,61-80%,Occasionally,Ease and Comfort of shopping from home,Product reviews and ratings,Cash on delivery (if available),Prefer lnternational retailers,Others,Somewhat concerned,Rarely or Never participate,Extremely price-sensitive,1k to 5k,Clothing and fashion accessories,"Yes, delayed or problematic deliveries",Neutral or unsure,Improved search and filtering options
Male,Rarely or Never,0-20 %,Rarely or Never,Wide variety of products,Price and discounts,Cash on delivery (if available),"No preference, depends on the product",Others,Very concerned,Always take advantage of promotions and discounts,Moderately price-sensitive,1k to 5k,Clothing and fashion accessories,"Yes, difficulty with returns or refunds","Mostly confident, with occasional concerns","Better product descriptions and images, Improved search and filtering options"
Female,Once in a month,0-20 %,Always,Ease and Comfort of shopping from home,Product reviews and ratings,Cash on delivery (if available),Prefer lnternational retailers,Daraz,Not Concerned at all,Rarely or Never participate,Moderately price-sensitive,less than 1k,Beauty and Personal care,"Yes, issues with product quality",Neutral or unsure,Better product descriptions and images
Female,Once in a month,0-20 %,Always,Attractive discounts and promotions,Price and discounts,Cash on delivery (if available),"No preference, depends on the product",Daraz,Very concerned,Occasionally participate,Extremely price-sensitive,less than 1k,Clothing and fashion accessories,"Yes, issues with product quality",Neutral or unsure,"Better product descriptions and images, Improved search and filtering options, Enhanced customer reviews and ratings system, More personalized recommendations, It is not appropriate to overpromote a product because the attributes we were promised when we brought it home did not live up to our expectations, which made us decide not to buy it again. "
Male,Rarely or Never,0-20 %,Frequently,Ease and Comfort of shopping from home,Product reviews and ratings,Other digital wallets,"No preference, depends on the product",Daraz,Somewhat concerned,Occasionally participate,Moderately price-sensitive,1k to 5k,Home  Appliances and furniture,"Yes, issues with product quality","Mostly confident, with occasional concerns","Improved search and filtering options, Enhanced customer reviews and ratings system, More personalized recommendations"
Male,Multiple times per week,81-100%,Always,Wide variety of products,Price and discounts,Cash on delivery (if available),"No preference, depends on the product",Amazon,Very concerned,Always take advantage of promotions and discounts,Extremely price-sensitive,more than 10k,Electronics and gadgets,"Yes, issues with product quality","Mostly confident, with occasional concerns",Better product descriptions and images
Male,Rarely or Never,0-20 %,Frequently,Ease and Comfort of shopping from home,Product reviews and ratings,Cash on delivery (if available),"No preference, depends on the product",AliExpress,Very concerned,Rarely or Never participate,Extremely price-sensitive,1k to 5k,Sports,"No, I have not experienced any drawbacks","Mostly confident, with occasional concerns",Better product descriptions and images
Male,Rarely or Never,0-20 %,Always,Attractive discounts and promotions,Product reviews and ratings,Cash on delivery (if available),Prefer local retailers,Daraz,Somewhat concerned,Rarely or Never participate,Extremely price-sensitive,less than 1k,Electronics and gadgets,"Yes, issues with product quality",Neutral or unsure,More personalized recommendations
Male,Rarely or Never,0-20 %,Frequently,Ease and Comfort of shopping from home,Price and discounts,Cash on delivery (if available),Prefer local retailers,Daraz,Somewhat concerned,Always take advantage of promotions and discounts,Extremely price-sensitive,1k to 5k,Electronics and gadgets,"No, I have not experienced any drawbacks","Mostly confident, with occasional concerns","Better product descriptions and images, Improved search and filtering options, Enhanced customer reviews and ratings system, More personalized recommendations"
Male,Once in a month,0-20 %,Frequently,Attractive discounts and promotions,Customer service and support,Cash on delivery (if available),Prefer local retailers,Daraz,Very concerned,Frequently participate,Moderately price-sensitive,1k to 5k,Electronics and gadgets,"Yes, issues with product quality","Mostly confident, with occasional concerns",Enhanced customer reviews and ratings system
Female,Once in a month,21-40 %,Always,Ease and Comfort of shopping from home,Product reviews and ratings,Cash on delivery (if available),"No preference, depends on the product",Daraz,Very concerned,Frequently participate,Moderately price-sensitive,5k to 10k,Clothing and fashion accessories,"Yes, issues with product quality",Neutral or unsure,Better product descriptions and images
Male,Rarely or Never,0-20 %,Always,Wide variety of products,Product reviews and ratings,Credit or debit card,"No preference, depends on the product",Amazon,Somewhat concerned,Occasionally participate,Moderately price-sensitive,5k to 10k,Electronics and gadgets,"No, I have not experienced any drawbacks","Mostly confident, with occasional concerns","Improved search and filtering options, Enhanced customer reviews and ratings system"
Male,Rarely or Never,0-20 %,Rarely or Never,Ease and Comfort of shopping from home,Brand reputation and trustworthiness,Cash on delivery (if available),"No preference, depends on the product",Others,Very concerned,Occasionally participate,Moderately price-sensitive,1k to 5k,Clothing and fashion accessories,"Yes, delayed or problematic deliveries",Neutral or unsure,Better product descriptions and images
Female,Once in a month,21-40 %,Always,Ease and Comfort of shopping from home,Product reviews and ratings,Cash on delivery (if available),Prefer local retailers,Daraz,Very concerned,Occasionally participate,Moderately price-sensitive,1k to 5k,Beauty and Personal care,"Yes, difficulty with returns or refunds","Mostly confident, with occasional concerns",Better product descriptions and images
Female,Once in a month,0-20 %,Always,Attractive discounts and promotions,Product reviews and ratings,Cash on delivery (if available),Prefer lnternational retailers,Daraz,Very concerned,Occasionally participate,Moderately price-sensitive,less than 1k,Clothing and fashion accessories,"Yes, issues with product quality","No, often concerned about product authenticity and quality",Better product descriptions and images
Female,Rarely or Never,0-20 %,Always,Ease and Comfort of shopping from home,Customer service and support,Cash on delivery (if available),"No preference, depends on the product",Others,Very concerned,Rarely or Never participate,Moderately price-sensitive,1k to 5k,Clothing and fashion accessories,"No, I have not experienced any drawbacks",Neutral or unsure,Better product descriptions and images
Male,Multiple times per week,61-80%,Always,User-friendly website/app interface,Product reviews and ratings,Cash on delivery (if available),"No preference, depends on the product",Daraz,Very concerned,Occasionally participate,Slightly price-sensitive,1k to 5k,Electronics and gadgets,"Yes, difficulty with returns or refunds","Yes, always confident in product authenticity and quality","Better product descriptions and images, Improved search and filtering options, Enhanced customer reviews and ratings system"
Male,Rarely or Never,0-20 %,Rarely or Never,Time-saving,Price and discounts,Bank transfers or direct deposits,"No preference, depends on the product",Others,Very concerned,Rarely or Never participate,Not price sensitive at all,5k to 10k,Electronics and gadgets,"Yes, issues with product quality","Yes, always confident in product authenticity and quality",Better product descriptions and images
Male,Rarely or Never,0-20 %,Always,Attractive discounts and promotions,Product reviews and ratings,Cash on delivery (if available),"No preference, depends on the product",Amazon,Very concerned,Rarely or Never participate,Moderately price-sensitive,1k to 5k,Electronics and gadgets,"Yes, issues with product quality","Mostly confident, with occasional concerns","Better product descriptions and images, Improved search and filtering options, Enhanced customer reviews and ratings system, More personalized recommendations"
Female,Once in a month,0-20 %,Occasionally,Attractive discounts and promotions,Product reviews and ratings,Cash on delivery (if available),Prefer local retailers,Others,Somewhat concerned,Occasionally participate,Moderately price-sensitive,1k to 5k,Clothing and fashion accessories,"Yes, delayed or problematic deliveries","Mostly confident, with occasional concerns",Enhanced customer reviews and ratings system
Female,Rarely or Never,0-20 %,Rarely or Never,User-friendly website/app interface,Price and discounts,Cash on delivery (if available),"No preference, depends on the product",Daraz,Very concerned,Rarely or Never participate,Moderately price-sensitive,1k to 5k,Clothing and fashion accessories,"No, I have not experienced any drawbacks","No, often concerned about product authenticity and quality","Better product descriptions and images, "
Female,Rarely or Never,0-20 %,Frequently,Attractive discounts and promotions,Price and discounts,Cash on delivery (if available),Prefer local retailers,Daraz,Very concerned,Occasionally participate,Moderately price-sensitive,less than 1k,Beauty and Personal care,"Yes, issues with product quality","Mostly confident, with occasional concerns",Better product descriptions and images
Female,Once in a month,41-60 %,Always,Ease and Comfort of shopping from home,Product reviews and ratings,Cash on delivery (if available),"No preference, depends on the product",Amazon,Very concerned,Rarely or Never participate,Extremely price-sensitive,1k to 5k,Beauty and Personal care,"Yes, issues with product quality",Neutral or unsure,"Better product descriptions and images, Improved search and filtering options, Enhanced customer reviews and ratings system, More personalized recommendations"
Male,Rarely or Never,0-20 %,Rarely or Never,Wide variety of products,Price and discounts,Cash on delivery (if available),"No preference, depends on the product",Others,Neutral,Rarely or Never participate,Not price sensitive at all,less than 1k,Electronics and gadgets,"Yes, issues with product quality",Neutral or unsure,Better product descriptions and images
Female,Once in a month,0-20 %,Always,Attractive discounts and promotions,Product reviews and ratings,Cash on delivery (if available),"No preference, depends on the product",Others,Very concerned,Occasionally participate,Moderately price-sensitive,1k to 5k,Clothing and fashion accessories,"Yes, issues with product quality",Neutral or unsure,Better product descriptions and images
Female,Once in a month,41-60 %,Always,Ease and Comfort of shopping from home,Brand reputation and trustworthiness,Credit or debit card,"No preference, depends on the product",Others,Very concerned,Always take advantage of promotions and discounts,Slightly price-sensitive,5k to 10k,Clothing and fashion accessories,"Yes, issues with product quality",Neutral or unsure,Enhanced customer reviews and ratings system
Male,Once in a month,21-40 %,Always,Ease and Comfort of shopping from home,Product reviews and ratings,Credit or debit card,Prefer lnternational retailers,Amazon,Very concerned,Always take advantage of promotions and discounts,Moderately price-sensitive,1k to 5k,Clothing and fashion accessories,"Yes, issues with product quality","Mostly confident, with occasional concerns","Better product descriptions and images, Enhanced customer reviews and ratings system"
Female,Multiple times per week,41-60 %,Occasionally,Attractive discounts and promotions,Product reviews and ratings,Cash on delivery (if available),"No preference, depends on the product",Others,Very concerned,Always take advantage of promotions and discounts,Extremely price-sensitive,1k to 5k,Clothing and fashion accessories,"Yes, delayed or problematic deliveries","Yes, always confident in product authenticity and quality",Better product descriptions and images
Male,Rarely or Never,21-40 %,Always,Attractive discounts and promotions,Product reviews and ratings,Cash on delivery (if available),"No preference, depends on the product",Daraz,Very concerned,Occasionally participate,Moderately price-sensitive,less than 1k,Clothing and fashion accessories,"Yes, issues with product quality","Mostly confident, with occasional concerns","Better product descriptions and images, Improved search and filtering options, Enhanced customer reviews and ratings system"
Female,Rarely or Never,21-40 %,Always,Ease and Comfort of shopping from home,Brand reputation and trustworthiness,Cash on delivery (if available),"No preference, depends on the product",Others,Neutral,Occasionally participate,Moderately price-sensitive,5k to 10k,Clothing and fashion accessories,"Yes, issues with product quality",Neutral or unsure,"Better product descriptions and images, Enhanced customer reviews and ratings system"
Female,Once in a week,0-20 %,Occasionally,Ease and Comfort of shopping from home,Price and discounts,Cash on delivery (if available),"No preference, depends on the product",Others,Very concerned,Always take advantage of promotions and discounts,Moderately price-sensitive,1k to 5k,Clothing and fashion accessories,"Yes, issues with product quality","Mostly confident, with occasional concerns",More personalized recommendations
Other,Rarely or Never,0-20 %,Occasionally,Time-saving,Brand reputation and trustworthiness,Cash on delivery (if available),"No preference, depends on the product",Others,Somewhat concerned,Rarely or Never participate,Slightly price-sensitive,5k to 10k,Clothing and fashion accessories,"Yes, issues with product quality","No, often concerned about product authenticity and quality",Better product descriptions and images
